N cible,Premier P,Premier Q,Residu P,Residu Q,Densite G
32348,7,32341,7,1,0.006924693953258316
32348,97,32251,7,1,0.006924693953258316
32348,157,32191,7,1,0.006924693953258316
32348,229,32119,19,19,0.006924693953258316
32348,271,32077,1,7,0.006924693953258316
32348,367,31981,7,1,0.006924693953258316
32348,457,31891,7,1,0.006924693953258316
32348,499,31849,19,19,0.006924693953258316
32348,577,31771,7,1,0.006924693953258316
32348,607,31741,7,1,0.006924693953258316
32348,619,31729,19,19,0.006924693953258316
32348,661,31687,1,7,0.006924693953258316
32348,691,31657,1,7,0.006924693953258316
32348,859,31489,19,19,0.006924693953258316
32348,991,31357,1,7,0.006924693953258316
32348,1021,31327,1,7,0.006924693953258316
32348,1117,31231,7,1,0.006924693953258316
32348,1129,31219,19,19,0.006924693953258316
32348,1171,31177,1,7,0.006924693953258316
32348,1201,31147,1,7,0.006924693953258316
32348,1279,31069,19,19,0.006924693953258316
32348,1297,31051,7,1,0.006924693953258316
32348,1399,30949,19,19,0.006924693953258316
32348,1489,30859,19,19,0.006924693953258316
32348,1531,30817,1,7,0.006924693953258316
32348,1567,30781,7,1,0.006924693953258316
32348,1621,30727,1,7,0.006924693953258316
32348,1699,30649,19,19,0.006924693953258316
32348,1789,30559,19,19,0.006924693953258316
32348,1831,30517,1,7,0.006924693953258316
32348,1879,30469,19,19,0.006924693953258316
32348,2029,30319,19,19,0.006924693953258316
32348,2089,30259,19,19,0.006924693953258316
32348,2137,30211,7,1,0.006924693953258316
32348,2161,30187,1,7,0.006924693953258316
32348,2179,30169,19,19,0.006924693953258316
32348,2239,30109,19,19,0.006924693953258316
32348,2251,30097,1,7,0.006924693953258316
32348,2389,29959,19,19,0.006924693953258316
32348,2467,29881,7,1,0.006924693953258316
32348,2677,29671,7,1,0.006924693953258316
32348,2707,29641,7,1,0.006924693953258316
32348,2719,29629,19,19,0.006924693953258316
32348,2749,29599,19,19,0.006924693953258316
32348,2767,29581,7,1,0.006924693953258316
32348,3001,29347,1,7,0.006924693953258316
32348,3037,29311,7,1,0.006924693953258316
32348,3061,29287,1,7,0.006924693953258316
32348,3079,29269,19,19,0.006924693953258316
32348,3169,29179,19,19,0.006924693953258316
32348,3181,29167,1,7,0.006924693953258316
32348,3217,29131,7,1,0.006924693953258316
32348,3271,29077,1,7,0.006924693953258316
32348,3331,29017,1,7,0.006924693953258316
32348,3469,28879,19,19,0.006924693953258316
32348,3511,28837,1,7,0.006924693953258316
32348,3541,28807,1,7,0.006924693953258316
32348,3559,28789,19,19,0.006924693953258316
32348,3637,28711,7,1,0.006924693953258316
32348,3691,28657,1,7,0.006924693953258316
32348,3727,28621,7,1,0.006924693953258316
32348,3769,28579,19,19,0.006924693953258316
32348,3919,28429,19,19,0.006924693953258316
32348,4051,28297,1,7,0.006924693953258316
32348,4129,28219,19,19,0.006924693953258316
32348,4261,28087,1,7,0.006924693953258316
32348,4297,28051,7,1,0.006924693953258316
32348,4447,27901,7,1,0.006924693953258316
32348,4549,27799,19,19,0.006924693953258316
32348,4597,27751,7,1,0.006924693953258316
32348,4651,27697,1,7,0.006924693953258316
32348,4657,27691,7,1,0.006924693953258316
32348,4861,27487,1,7,0.006924693953258316
32348,4951,27397,1,7,0.006924693953258316
32348,4987,27361,7,1,0.006924693953258316
32348,5011,27337,1,7,0.006924693953258316
32348,5077,27271,7,1,0.006924693953258316
32348,5107,27241,7,1,0.006924693953258316
32348,5281,27067,1,7,0.006924693953258316
32348,5527,26821,7,1,0.006924693953258316
32348,5647,26701,7,1,0.006924693953258316
32348,5701,26647,1,7,0.006924693953258316
32348,5791,26557,1,7,0.006924693953258316
32348,5851,26497,1,7,0.006924693953258316
32348,5869,26479,19,19,0.006924693953258316
32348,6121,26227,1,7,0.006924693953258316
32348,6229,26119,19,19,0.006924693953258316
32348,6367,25981,7,1,0.006924693953258316
32348,6379,25969,19,19,0.006924693953258316
32348,6397,25951,7,1,0.006924693953258316
32348,6481,25867,1,7,0.006924693953258316
32348,6529,25819,19,19,0.006924693953258316
32348,6547,25801,7,1,0.006924693953258316
32348,6577,25771,7,1,0.006924693953258316
32348,6607,25741,7,1,0.006924693953258316
32348,6691,25657,1,7,0.006924693953258316
32348,6709,25639,19,19,0.006924693953258316
32348,6991,25357,1,7,0.006924693953258316
32348,7027,25321,7,1,0.006924693953258316
32348,7039,25309,19,19,0.006924693953258316
32348,7129,25219,19,19,0.006924693953258316
32348,7159,25189,19,19,0.006924693953258316
32348,7177,25171,7,1,0.006924693953258316
32348,7237,25111,7,1,0.006924693953258316
32348,7369,24979,19,19,0.006924693953258316
32348,7459,24889,19,19,0.006924693953258316
32348,7489,24859,19,19,0.006924693953258316
32348,7507,24841,7,1,0.006924693953258316
32348,7549,24799,19,19,0.006924693953258316
32348,7639,24709,19,19,0.006924693953258316
32348,7717,24631,7,1,0.006924693953258316
32348,7867,24481,7,1,0.006924693953258316
32348,7879,24469,19,19,0.006924693953258316
32348,7927,24421,7,1,0.006924693953258316
32348,8011,24337,1,7,0.006924693953258316
32348,8101,24247,1,7,0.006924693953258316
32348,8167,24181,7,1,0.006924693953258316
32348,8179,24169,19,19,0.006924693953258316
32348,8287,24061,7,1,0.006924693953258316
32348,8329,24019,19,19,0.006924693953258316
32348,8377,23971,7,1,0.006924693953258316
32348,8419,23929,19,19,0.006924693953258316
32348,8431,23917,1,7,0.006924693953258316
32348,8461,23887,1,7,0.006924693953258316
32348,8521,23827,1,7,0.006924693953258316
32348,8581,23767,1,7,0.006924693953258316
32348,8629,23719,19,19,0.006924693953258316
32348,8677,23671,7,1,0.006924693953258316
32348,8719,23629,19,19,0.006924693953258316
32348,8839,23509,19,19,0.006924693953258316
32348,9151,23197,1,7,0.006924693953258316
32348,9181,23167,1,7,0.006924693953258316
32348,9277,23071,7,1,0.006924693953258316
32348,9319,23029,19,19,0.006924693953258316
32348,9337,23011,7,1,0.006924693953258316
32348,9631,22717,1,7,0.006924693953258316
32348,9649,22699,19,19,0.006924693953258316
32348,9679,22669,19,19,0.006924693953258316
32348,9697,22651,7,1,0.006924693953258316
32348,9781,22567,1,7,0.006924693953258316
32348,9817,22531,7,1,0.006924693953258316
32348,9901,22447,1,7,0.006924693953258316
32348,9907,22441,7,1,0.006924693953258316
32348,9967,22381,7,1,0.006924693953258316
32348,10069,22279,19,19,0.006924693953258316
32348,10159,22189,19,19,0.006924693953258316
32348,10177,22171,7,1,0.006924693953258316
32348,10321,22027,1,7,0.006924693953258316
32348,10357,21991,7,1,0.006924693953258316
32348,10477,21871,7,1,0.006924693953258316
32348,10531,21817,1,7,0.006924693953258316
32348,10597,21751,7,1,0.006924693953258316
32348,10687,21661,7,1,0.006924693953258316
32348,10771,21577,1,7,0.006924693953258316
32348,10789,21559,19,19,0.006924693953258316
32348,10831,21517,1,7,0.006924693953258316
32348,10861,21487,1,7,0.006924693953258316
32348,10867,21481,7,1,0.006924693953258316
32348,10957,21391,7,1,0.006924693953258316
32348,11071,21277,1,7,0.006924693953258316
32348,11161,21187,1,7,0.006924693953258316
32348,11287,21061,7,1,0.006924693953258316
32348,11317,21031,7,1,0.006924693953258316
32348,11329,21019,19,19,0.006924693953258316
32348,11491,20857,1,7,0.006924693953258316
32348,11617,20731,7,1,0.006924693953258316
32348,11827,20521,7,1,0.006924693953258316
32348,11839,20509,19,19,0.006924693953258316
32348,11941,20407,1,7,0.006924693953258316
32348,11959,20389,19,19,0.006924693953258316
32348,12007,20341,7,1,0.006924693953258316
32348,12241,20107,1,7,0.006924693953258316
32348,12277,20071,7,1,0.006924693953258316
32348,12301,20047,1,7,0.006924693953258316
32348,12421,19927,1,7,0.006924693953258316
32348,12457,19891,7,1,0.006924693953258316
32348,12487,19861,7,1,0.006924693953258316
32348,12547,19801,7,1,0.006924693953258316
32348,12589,19759,19,19,0.006924693953258316
32348,12739,19609,19,19,0.006924693953258316
32348,12841,19507,1,7,0.006924693953258316
32348,12907,19441,7,1,0.006924693953258316
32348,12919,19429,19,19,0.006924693953258316
32348,12967,19381,7,1,0.006924693953258316
32348,13099,19249,19,19,0.006924693953258316
32348,13267,19081,7,1,0.006924693953258316
32348,13297,19051,7,1,0.006924693953258316
32348,13339,19009,19,19,0.006924693953258316
32348,13591,18757,1,7,0.006924693953258316
32348,13669,18679,19,19,0.006924693953258316
32348,13687,18661,7,1,0.006924693953258316
32348,13711,18637,1,7,0.006924693953258316
32348,13807,18541,7,1,0.006924693953258316
32348,13831,18517,1,7,0.006924693953258316
32348,13921,18427,1,7,0.006924693953258316
32348,14149,18199,19,19,0.006924693953258316
32348,14221,18127,1,7,0.006924693953258316
32348,14251,18097,1,7,0.006924693953258316
32348,14389,17959,19,19,0.006924693953258316
32348,14419,17929,19,19,0.006924693953258316
32348,14437,17911,7,1,0.006924693953258316
32348,14557,17791,7,1,0.006924693953258316
32348,14767,17581,7,1,0.006924693953258316
32348,14779,17569,19,19,0.006924693953258316
32348,14797,17551,7,1,0.006924693953258316
32348,14851,17497,1,7,0.006924693953258316
32348,14929,17419,19,19,0.006924693953258316
32348,14947,17401,7,1,0.006924693953258316
32348,15031,17317,1,7,0.006924693953258316
32348,15091,17257,1,7,0.006924693953258316
32348,15139,17209,19,19,0.006924693953258316
32348,15241,17107,1,7,0.006924693953258316
32348,15271,17077,1,7,0.006924693953258316
32348,15307,17041,7,1,0.006924693953258316
32348,15319,17029,19,19,0.006924693953258316
32348,15361,16987,1,7,0.006924693953258316
32348,15427,16921,7,1,0.006924693953258316
32348,15601,16747,1,7,0.006924693953258316
32348,15607,16741,7,1,0.006924693953258316
32348,15619,16729,19,19,0.006924693953258316
32348,15649,16699,19,19,0.006924693953258316
32348,15787,16561,7,1,0.006924693953258316
32348,15901,16447,1,7,0.006924693953258316
32348,15937,16411,7,1,0.006924693953258316
